player_id,event_name
P000,Dropped at Level 1
P001,Level 1 Complete
P001,Dropped at Level 2
P002,Level 1 Complete
P002,Level 2 Complete
P002,Level 3 Complete
P002,Level 4 Complete
P002,Dropped at Level 5
P003,Dropped at Level 1
P004,Level 1 Complete
P004,Dropped at Level 2
P005,Level 1 Complete
P005,Level 2 Complete
P005,Level 3 Complete
P005,Level 4 Complete
P005,Level 5 Complete
P006,Level 1 Complete
P006,Dropped at Level 2
P007,Level 1 Complete
P007,Dropped at Level 2
P008,Level 1 Complete
P008,Level 2 Complete
P008,Level 3 Complete
P008,Dropped at Level 4
P009,Level 1 Complete
P009,Level 2 Complete
P009,Level 3 Complete
P009,Dropped at Level 4
P010,Level 1 Complete
P010,Level 2 Complete
P010,Level 3 Complete
P010,Level 4 Complete
P010,Dropped at Level 5
P011,Level 1 Complete
P011,Level 2 Complete
P011,Level 3 Complete
P011,Dropped at Level 4
P012,Level 1 Complete
P012,Level 2 Complete
P012,Dropped at Level 3
P013,Level 1 Complete
P013,Level 2 Complete
P013,Dropped at Level 3
P014,Dropped at Level 1
P015,Dropped at Level 1
P016,Level 1 Complete
P016,Level 2 Complete
P016,Level 3 Complete
P016,Dropped at Level 4
P017,Level 1 Complete
P017,Level 2 Complete
P017,Level 3 Complete
P017,Level 4 Complete
P017,Level 5 Complete
P018,Level 1 Complete
P018,Level 2 Complete
P018,Level 3 Complete
P018,Dropped at Level 4
P019,Level 1 Complete
P019,Level 2 Complete
P019,Level 3 Complete
P019,Level 4 Complete
P019,Level 5 Complete
P020,Level 1 Complete
P020,Level 2 Complete
P020,Level 3 Complete
P020,Level 4 Complete
P020,Level 5 Complete
P021,Level 1 Complete
P021,Level 2 Complete
P021,Level 3 Complete
P021,Level 4 Complete
P021,Level 5 Complete
P022,Level 1 Complete
P022,Level 2 Complete
P022,Level 3 Complete
P022,Level 4 Complete
P022,Level 5 Complete
P023,Level 1 Complete
P023,Level 2 Complete
P023,Level 3 Complete
P023,Level 4 Complete
P023,Level 5 Complete
P024,Level 1 Complete
P024,Level 2 Complete
P024,Dropped at Level 3
P025,Level 1 Complete
P025,Level 2 Complete
P025,Level 3 Complete
P025,Level 4 Complete
P025,Level 5 Complete
P026,Level 1 Complete
P026,Level 2 Complete
P026,Level 3 Complete
P026,Level 4 Complete
P026,Level 5 Complete
P027,Level 1 Complete
P027,Dropped at Level 2
P028,Level 1 Complete
P028,Level 2 Complete
P028,Level 3 Complete
P028,Level 4 Complete
P028,Level 5 Complete
P029,Level 1 Complete
P029,Level 2 Complete
P029,Level 3 Complete
P029,Level 4 Complete
P029,Level 5 Complete
P030,Level 1 Complete
P030,Level 2 Complete
P030,Level 3 Complete
P030,Level 4 Complete
P030,Level 5 Complete
P031,Level 1 Complete
P031,Level 2 Complete
P031,Level 3 Complete
P031,Level 4 Complete
P031,Dropped at Level 5
P032,Level 1 Complete
P032,Level 2 Complete
P032,Level 3 Complete
P032,Level 4 Complete
P032,Dropped at Level 5
P033,Level 1 Complete
P033,Level 2 Complete
P033,Dropped at Level 3
P034,Level 1 Complete
P034,Level 2 Complete
P034,Level 3 Complete
P034,Level 4 Complete
P034,Level 5 Complete
P035,Level 1 Complete
P035,Level 2 Complete
P035,Level 3 Complete
P035,Level 4 Complete
P035,Level 5 Complete
P036,Level 1 Complete
P036,Level 2 Complete
P036,Level 3 Complete
P036,Level 4 Complete
P036,Level 5 Complete
P037,Level 1 Complete
P037,Level 2 Complete
P037,Level 3 Complete
P037,Dropped at Level 4
P038,Dropped at Level 1
P039,Level 1 Complete
P039,Level 2 Complete
P039,Dropped at Level 3
P040,Level 1 Complete
P040,Level 2 Complete
P040,Level 3 Complete
P040,Level 4 Complete
P040,Level 5 Complete
P041,Level 1 Complete
P041,Level 2 Complete
P041,Level 3 Complete
P041,Level 4 Complete
P041,Level 5 Complete
P042,Dropped at Level 1
P043,Dropped at Level 1
P044,Level 1 Complete
P044,Level 2 Complete
P044,Level 3 Complete
P044,Level 4 Complete
P044,Level 5 Complete
P045,Level 1 Complete
P045,Level 2 Complete
P045,Level 3 Complete
P045,Level 4 Complete
P045,Level 5 Complete
P046,Level 1 Complete
P046,Level 2 Complete
P046,Level 3 Complete
P046,Dropped at Level 4
P047,Level 1 Complete
P047,Level 2 Complete
P047,Level 3 Complete
P047,Level 4 Complete
P047,Dropped at Level 5
P048,Level 1 Complete
P048,Level 2 Complete
P048,Dropped at Level 3
P049,Level 1 Complete
P049,Dropped at Level 2
P050,Level 1 Complete
P050,Level 2 Complete
P050,Level 3 Complete
P050,Level 4 Complete
P050,Level 5 Complete
P051,Dropped at Level 1
P052,Dropped at Level 1
P053,Dropped at Level 1
P054,Dropped at Level 1
P055,Level 1 Complete
P055,Level 2 Complete
P055,Level 3 Complete
P055,Level 4 Complete
P055,Level 5 Complete
P056,Level 1 Complete
P056,Level 2 Complete
P056,Level 3 Complete
P056,Level 4 Complete
P056,Level 5 Complete
P057,Level 1 Complete
P057,Dropped at Level 2
P058,Level 1 Complete
P058,Level 2 Complete
P058,Level 3 Complete
P058,Level 4 Complete
P058,Level 5 Complete
P059,Level 1 Complete
P059,Dropped at Level 2
P060,Dropped at Level 1
P061,Level 1 Complete
P061,Dropped at Level 2
P062,Level 1 Complete
P062,Level 2 Complete
P062,Level 3 Complete
P062,Dropped at Level 4
P063,Level 1 Complete
P063,Level 2 Complete
P063,Dropped at Level 3
P064,Level 1 Complete
P064,Level 2 Complete
P064,Level 3 Complete
P064,Level 4 Complete
P064,Dropped at Level 5
P065,Level 1 Complete
P065,Level 2 Complete
P065,Level 3 Complete
P065,Level 4 Complete
P065,Level 5 Complete
P066,Dropped at Level 1
P067,Level 1 Complete
P067,Level 2 Complete
P067,Dropped at Level 3
P068,Level 1 Complete
P068,Dropped at Level 2
P069,Dropped at Level 1
P070,Level 1 Complete
P070,Level 2 Complete
P070,Level 3 Complete
P070,Level 4 Complete
P070,Level 5 Complete
P071,Level 1 Complete
P071,Level 2 Complete
P071,Level 3 Complete
P071,Level 4 Complete
P071,Dropped at Level 5
P072,Level 1 Complete
P072,Level 2 Complete
P072,Level 3 Complete
P072,Level 4 Complete
P072,Level 5 Complete
P073,Level 1 Complete
P073,Dropped at Level 2
P074,Level 1 Complete
P074,Level 2 Complete
P074,Level 3 Complete
P074,Dropped at Level 4
P075,Level 1 Complete
P075,Level 2 Complete
P075,Level 3 Complete
P075,Level 4 Complete
P075,Level 5 Complete
P076,Level 1 Complete
P076,Level 2 Complete
P076,Level 3 Complete
P076,Level 4 Complete
P076,Level 5 Complete
P077,Level 1 Complete
P077,Level 2 Complete
P077,Level 3 Complete
P077,Level 4 Complete
P077,Level 5 Complete
P078,Level 1 Complete
P078,Level 2 Complete
P078,Dropped at Level 3
P079,Dropped at Level 1
P080,Level 1 Complete
P080,Dropped at Level 2
P081,Level 1 Complete
P081,Dropped at Level 2
P082,Level 1 Complete
P082,Level 2 Complete
P082,Level 3 Complete
P082,Dropped at Level 4
P083,Level 1 Complete
P083,Level 2 Complete
P083,Level 3 Complete
P083,Level 4 Complete
P083,Level 5 Complete
P084,Dropped at Level 1
P085,Dropped at Level 1
P086,Dropped at Level 1
P087,Level 1 Complete
P087,Level 2 Complete
P087,Level 3 Complete
P087,Level 4 Complete
P087,Dropped at Level 5
P088,Level 1 Complete
P088,Level 2 Complete
P088,Level 3 Complete
P088,Level 4 Complete
P088,Level 5 Complete
P089,Dropped at Level 1
P090,Level 1 Complete
P090,Dropped at Level 2
P091,Level 1 Complete
P091,Dropped at Level 2
P092,Level 1 Complete
P092,Level 2 Complete
P092,Level 3 Complete
P092,Level 4 Complete
P092,Level 5 Complete
P093,Dropped at Level 1
P094,Level 1 Complete
P094,Level 2 Complete
P094,Dropped at Level 3
P095,Level 1 Complete
P095,Level 2 Complete
P095,Level 3 Complete
P095,Level 4 Complete
P095,Level 5 Complete
P096,Level 1 Complete
P096,Level 2 Complete
P096,Level 3 Complete
P096,Level 4 Complete
P096,Level 5 Complete
P097,Dropped at Level 1
P098,Level 1 Complete
P098,Level 2 Complete
P098,Level 3 Complete
P098,Level 4 Complete
P098,Level 5 Complete
P099,Level 1 Complete
P099,Level 2 Complete
P099,Level 3 Complete
P099,Level 4 Complete
P099,Level 5 Complete
P100,Level 1 Complete
P100,Level 2 Complete
P100,Level 3 Complete
P100,Level 4 Complete
P100,Level 5 Complete
P101,Dropped at Level 1
P102,Dropped at Level 1
P103,Level 1 Complete
P103,Level 2 Complete
P103,Level 3 Complete
P103,Level 4 Complete
P103,Level 5 Complete
P104,Level 1 Complete
P104,Level 2 Complete
P104,Level 3 Complete
P104,Level 4 Complete
P104,Level 5 Complete
P105,Dropped at Level 1
P106,Dropped at Level 1
P107,Level 1 Complete
P107,Level 2 Complete
P107,Dropped at Level 3
P108,Level 1 Complete
P108,Level 2 Complete
P108,Level 3 Complete
P108,Level 4 Complete
P108,Level 5 Complete
P109,Level 1 Complete
P109,Dropped at Level 2
P110,Level 1 Complete
P110,Dropped at Level 2
P111,Dropped at Level 1
P112,Level 1 Complete
P112,Level 2 Complete
P112,Level 3 Complete
P112,Level 4 Complete
P112,Level 5 Complete
P113,Level 1 Complete
P113,Level 2 Complete
P113,Level 3 Complete
P113,Level 4 Complete
P113,Level 5 Complete
P114,Level 1 Complete
P114,Dropped at Level 2
P115,Level 1 Complete
P115,Level 2 Complete
P115,Dropped at Level 3
P116,Level 1 Complete
P116,Dropped at Level 2
P117,Level 1 Complete
P117,Level 2 Complete
P117,Level 3 Complete
P117,Level 4 Complete
P117,Level 5 Complete
P118,Level 1 Complete
P118,Level 2 Complete
P118,Level 3 Complete
P118,Level 4 Complete
P118,Level 5 Complete
P119,Level 1 Complete
P119,Level 2 Complete
P119,Level 3 Complete
P119,Level 4 Complete
P119,Level 5 Complete
P120,Level 1 Complete
P120,Level 2 Complete
P120,Dropped at Level 3
P121,Level 1 Complete
P121,Level 2 Complete
P121,Level 3 Complete
P121,Level 4 Complete
P121,Dropped at Level 5
P122,Level 1 Complete
P122,Level 2 Complete
P122,Dropped at Level 3
P123,Level 1 Complete
P123,Level 2 Complete
P123,Level 3 Complete
P123,Level 4 Complete
P123,Level 5 Complete
P124,Dropped at Level 1
P125,Level 1 Complete
P125,Level 2 Complete
P125,Level 3 Complete
P125,Level 4 Complete
P125,Level 5 Complete
P126,Level 1 Complete
P126,Level 2 Complete
P126,Level 3 Complete
P126,Level 4 Complete
P126,Level 5 Complete
P127,Level 1 Complete
P127,Level 2 Complete
P127,Dropped at Level 3
P128,Level 1 Complete
P128,Dropped at Level 2
P129,Level 1 Complete
P129,Level 2 Complete
P129,Level 3 Complete
P129,Level 4 Complete
P129,Level 5 Complete
P130,Level 1 Complete
P130,Level 2 Complete
P130,Level 3 Complete
P130,Dropped at Level 4
P131,Dropped at Level 1
P132,Level 1 Complete
P132,Dropped at Level 2
P133,Level 1 Complete
P133,Level 2 Complete
P133,Level 3 Complete
P133,Level 4 Complete
P133,Level 5 Complete
P134,Level 1 Complete
P134,Dropped at Level 2
P135,Level 1 Complete
P135,Level 2 Complete
P135,Level 3 Complete
P135,Level 4 Complete
P135,Dropped at Level 5
P136,Level 1 Complete
P136,Level 2 Complete
P136,Level 3 Complete
P136,Level 4 Complete
P136,Level 5 Complete
P137,Dropped at Level 1
P138,Level 1 Complete
P138,Level 2 Complete
P138,Level 3 Complete
P138,Dropped at Level 4
P139,Level 1 Complete
P139,Level 2 Complete
P139,Level 3 Complete
P139,Level 4 Complete
P139,Level 5 Complete
P140,Dropped at Level 1
P141,Level 1 Complete
P141,Level 2 Complete
P141,Level 3 Complete
P141,Level 4 Complete
P141,Level 5 Complete
P142,Level 1 Complete
P142,Dropped at Level 2
P143,Dropped at Level 1
P144,Level 1 Complete
P144,Level 2 Complete
P144,Dropped at Level 3
P145,Level 1 Complete
P145,Level 2 Complete
P145,Level 3 Complete
P145,Level 4 Complete
P145,Level 5 Complete
P146,Level 1 Complete
P146,Dropped at Level 2
P147,Level 1 Complete
P147,Level 2 Complete
P147,Dropped at Level 3
P148,Level 1 Complete
P148,Level 2 Complete
P148,Level 3 Complete
P148,Level 4 Complete
P148,Level 5 Complete
P149,Dropped at Level 1
P150,Dropped at Level 1
P151,Level 1 Complete
P151,Level 2 Complete
P151,Level 3 Complete
P151,Level 4 Complete
P151,Level 5 Complete
P152,Level 1 Complete
P152,Level 2 Complete
P152,Dropped at Level 3
P153,Level 1 Complete
P153,Level 2 Complete
P153,Level 3 Complete
P153,Dropped at Level 4
P154,Level 1 Complete
P154,Level 2 Complete
P154,Level 3 Complete
P154,Level 4 Complete
P154,Dropped at Level 5
P155,Level 1 Complete
P155,Level 2 Complete
P155,Level 3 Complete
P155,Level 4 Complete
P155,Level 5 Complete
P156,Dropped at Level 1
P157,Level 1 Complete
P157,Level 2 Complete
P157,Level 3 Complete
P157,Dropped at Level 4
P158,Level 1 Complete
P158,Level 2 Complete
P158,Level 3 Complete
P158,Dropped at Level 4
P159,Level 1 Complete
P159,Level 2 Complete
P159,Level 3 Complete
P159,Dropped at Level 4
P160,Level 1 Complete
P160,Dropped at Level 2
P161,Dropped at Level 1
P162,Level 1 Complete
P162,Level 2 Complete
P162,Level 3 Complete
P162,Level 4 Complete
P162,Level 5 Complete
P163,Dropped at Level 1
P164,Level 1 Complete
P164,Level 2 Complete
P164,Level 3 Complete
P164,Level 4 Complete
P164,Level 5 Complete
P165,Level 1 Complete
P165,Dropped at Level 2
P166,Level 1 Complete
P166,Dropped at Level 2
P167,Dropped at Level 1
P168,Dropped at Level 1
P169,Level 1 Complete
P169,Dropped at Level 2
P170,Level 1 Complete
P170,Level 2 Complete
P170,Level 3 Complete
P170,Level 4 Complete
P170,Level 5 Complete
P171,Level 1 Complete
P171,Dropped at Level 2
P172,Level 1 Complete
P172,Level 2 Complete
P172,Level 3 Complete
P172,Level 4 Complete
P172,Level 5 Complete
P173,Dropped at Level 1
P174,Level 1 Complete
P174,Level 2 Complete
P174,Level 3 Complete
P174,Level 4 Complete
P174,Level 5 Complete
P175,Level 1 Complete
P175,Level 2 Complete
P175,Level 3 Complete
P175,Level 4 Complete
P175,Level 5 Complete
P176,Dropped at Level 1
P177,Level 1 Complete
P177,Level 2 Complete
P177,Level 3 Complete
P177,Level 4 Complete
P177,Level 5 Complete
P178,Level 1 Complete
P178,Level 2 Complete
P178,Level 3 Complete
P178,Level 4 Complete
P178,Dropped at Level 5
P179,Level 1 Complete
P179,Level 2 Complete
P179,Level 3 Complete
P179,Level 4 Complete
P179,Level 5 Complete
P180,Level 1 Complete
P180,Level 2 Complete
P180,Level 3 Complete
P180,Level 4 Complete
P180,Level 5 Complete
P181,Level 1 Complete
P181,Level 2 Complete
P181,Dropped at Level 3
P182,Dropped at Level 1
P183,Level 1 Complete
P183,Level 2 Complete
P183,Level 3 Complete
P183,Level 4 Complete
P183,Level 5 Complete
P184,Level 1 Complete
P184,Level 2 Complete
P184,Level 3 Complete
P184,Level 4 Complete
P184,Level 5 Complete
P185,Level 1 Complete
P185,Dropped at Level 2
P186,Level 1 Complete
P186,Level 2 Complete
P186,Level 3 Complete
P186,Level 4 Complete
P186,Level 5 Complete
P187,Level 1 Complete
P187,Level 2 Complete
P187,Dropped at Level 3
P188,Level 1 Complete
P188,Level 2 Complete
P188,Level 3 Complete
P188,Dropped at Level 4
P189,Level 1 Complete
P189,Dropped at Level 2
P190,Level 1 Complete
P190,Level 2 Complete
P190,Level 3 Complete
P190,Dropped at Level 4
P191,Level 1 Complete
P191,Level 2 Complete
P191,Level 3 Complete
P191,Level 4 Complete
P191,Dropped at Level 5
P192,Level 1 Complete
P192,Level 2 Complete
P192,Level 3 Complete
P192,Level 4 Complete
P192,Dropped at Level 5
P193,Level 1 Complete
P193,Level 2 Complete
P193,Level 3 Complete
P193,Dropped at Level 4
P194,Level 1 Complete
P194,Level 2 Complete
P194,Dropped at Level 3
P195,Level 1 Complete
P195,Level 2 Complete
P195,Level 3 Complete
P195,Level 4 Complete
P195,Level 5 Complete
P196,Level 1 Complete
P196,Level 2 Complete
P196,Level 3 Complete
P196,Level 4 Complete
P196,Level 5 Complete
P197,Level 1 Complete
P197,Level 2 Complete
P197,Level 3 Complete
P197,Level 4 Complete
P197,Level 5 Complete
P198,Level 1 Complete
P198,Level 2 Complete
P198,Level 3 Complete
P198,Level 4 Complete
P198,Level 5 Complete
P199,Level 1 Complete
P199,Level 2 Complete
P199,Dropped at Level 3
P200,Level 1 Complete
P200,Level 2 Complete
P200,Dropped at Level 3
P201,Dropped at Level 1
P202,Dropped at Level 1
P203,Level 1 Complete
P203,Level 2 Complete
P203,Level 3 Complete
P203,Level 4 Complete
P203,Level 5 Complete
P204,Level 1 Complete
P204,Level 2 Complete
P204,Level 3 Complete
P204,Level 4 Complete
P204,Level 5 Complete
P205,Level 1 Complete
P205,Level 2 Complete
P205,Level 3 Complete
P205,Level 4 Complete
P205,Level 5 Complete
P206,Level 1 Complete
P206,Dropped at Level 2
P207,Level 1 Complete
P207,Level 2 Complete
P207,Level 3 Complete
P207,Level 4 Complete
P207,Level 5 Complete
P208,Level 1 Complete
P208,Dropped at Level 2
P209,Level 1 Complete
P209,Level 2 Complete
P209,Level 3 Complete
P209,Level 4 Complete
P209,Level 5 Complete
P210,Level 1 Complete
P210,Dropped at Level 2
P211,Level 1 Complete
P211,Level 2 Complete
P211,Level 3 Complete
P211,Dropped at Level 4
P212,Level 1 Complete
P212,Level 2 Complete
P212,Level 3 Complete
P212,Level 4 Complete
P212,Level 5 Complete
P213,Dropped at Level 1
P214,Level 1 Complete
P214,Level 2 Complete
P214,Level 3 Complete
P214,Dropped at Level 4
P215,Level 1 Complete
P215,Level 2 Complete
P215,Level 3 Complete
P215,Level 4 Complete
P215,Level 5 Complete
P216,Level 1 Complete
P216,Level 2 Complete
P216,Level 3 Complete
P216,Level 4 Complete
P216,Level 5 Complete
P217,Level 1 Complete
P217,Level 2 Complete
P217,Dropped at Level 3
P218,Dropped at Level 1
P219,Level 1 Complete
P219,Level 2 Complete
P219,Dropped at Level 3
P220,Level 1 Complete
P220,Level 2 Complete
P220,Dropped at Level 3
P221,Level 1 Complete
P221,Dropped at Level 2
P222,Level 1 Complete
P222,Level 2 Complete
P222,Dropped at Level 3
P223,Level 1 Complete
P223,Level 2 Complete
P223,Level 3 Complete
P223,Dropped at Level 4
P224,Level 1 Complete
P224,Level 2 Complete
P224,Level 3 Complete
P224,Level 4 Complete
P224,Level 5 Complete
P225,Level 1 Complete
P225,Level 2 Complete
P225,Level 3 Complete
P225,Level 4 Complete
P225,Level 5 Complete
P226,Level 1 Complete
P226,Level 2 Complete
P226,Dropped at Level 3
P227,Dropped at Level 1
P228,Level 1 Complete
P228,Level 2 Complete
P228,Level 3 Complete
P228,Level 4 Complete
P228,Dropped at Level 5
P229,Level 1 Complete
P229,Level 2 Complete
P229,Level 3 Complete
P229,Level 4 Complete
P229,Level 5 Complete
P230,Level 1 Complete
P230,Level 2 Complete
P230,Level 3 Complete
P230,Level 4 Complete
P230,Level 5 Complete
P231,Level 1 Complete
P231,Level 2 Complete
P231,Level 3 Complete
P231,Level 4 Complete
P231,Level 5 Complete
P232,Level 1 Complete
P232,Level 2 Complete
P232,Dropped at Level 3
P233,Level 1 Complete
P233,Level 2 Complete
P233,Level 3 Complete
P233,Level 4 Complete
P233,Level 5 Complete
P234,Level 1 Complete
P234,Level 2 Complete
P234,Dropped at Level 3
P235,Level 1 Complete
P235,Level 2 Complete
P235,Level 3 Complete
P235,Level 4 Complete
P235,Level 5 Complete
P236,Dropped at Level 1
P237,Level 1 Complete
P237,Level 2 Complete
P237,Level 3 Complete
P237,Dropped at Level 4
P238,Dropped at Level 1
P239,Level 1 Complete
P239,Level 2 Complete
P239,Level 3 Complete
P239,Level 4 Complete
P239,Level 5 Complete
P240,Level 1 Complete
P240,Level 2 Complete
P240,Level 3 Complete
P240,Level 4 Complete
P240,Level 5 Complete
P241,Level 1 Complete
P241,Level 2 Complete
P241,Level 3 Complete
P241,Level 4 Complete
P241,Level 5 Complete
P242,Dropped at Level 1
P243,Level 1 Complete
P243,Level 2 Complete
P243,Level 3 Complete
P243,Level 4 Complete
P243,Level 5 Complete
P244,Level 1 Complete
P244,Level 2 Complete
P244,Dropped at Level 3
P245,Level 1 Complete
P245,Level 2 Complete
P245,Level 3 Complete
P245,Dropped at Level 4
P246,Level 1 Complete
P246,Dropped at Level 2
P247,Level 1 Complete
P247,Dropped at Level 2
P248,Level 1 Complete
P248,Level 2 Complete
P248,Level 3 Complete
P248,Level 4 Complete
P248,Level 5 Complete
P249,Dropped at Level 1
P250,Level 1 Complete
P250,Level 2 Complete
P250,Level 3 Complete
P250,Level 4 Complete
P250,Level 5 Complete
P251,Level 1 Complete
P251,Level 2 Complete
P251,Level 3 Complete
P251,Level 4 Complete
P251,Level 5 Complete
P252,Dropped at Level 1
P253,Level 1 Complete
P253,Level 2 Complete
P253,Level 3 Complete
P253,Level 4 Complete
P253,Level 5 Complete
P254,Level 1 Complete
P254,Level 2 Complete
P254,Level 3 Complete
P254,Dropped at Level 4
P255,Level 1 Complete
P255,Level 2 Complete
P255,Level 3 Complete
P255,Level 4 Complete
P255,Level 5 Complete
P256,Dropped at Level 1
P257,Level 1 Complete
P257,Level 2 Complete
P257,Level 3 Complete
P257,Level 4 Complete
P257,Level 5 Complete
P258,Dropped at Level 1
P259,Dropped at Level 1
P260,Dropped at Level 1
P261,Level 1 Complete
P261,Dropped at Level 2
P262,Level 1 Complete
P262,Level 2 Complete
P262,Dropped at Level 3
P263,Dropped at Level 1
P264,Dropped at Level 1
P265,Level 1 Complete
P265,Level 2 Complete
P265,Level 3 Complete
P265,Level 4 Complete
P265,Level 5 Complete
P266,Dropped at Level 1
P267,Dropped at Level 1
P268,Level 1 Complete
P268,Level 2 Complete
P268,Level 3 Complete
P268,Level 4 Complete
P268,Level 5 Complete
P269,Level 1 Complete
P269,Dropped at Level 2
P270,Dropped at Level 1
P271,Level 1 Complete
P271,Level 2 Complete
P271,Level 3 Complete
P271,Level 4 Complete
P271,Level 5 Complete
P272,Level 1 Complete
P272,Level 2 Complete
P272,Level 3 Complete
P272,Level 4 Complete
P272,Dropped at Level 5
P273,Level 1 Complete
P273,Level 2 Complete
P273,Level 3 Complete
P273,Level 4 Complete
P273,Level 5 Complete
P274,Level 1 Complete
P274,Dropped at Level 2
P275,Level 1 Complete
P275,Level 2 Complete
P275,Level 3 Complete
P275,Level 4 Complete
P275,Dropped at Level 5
P276,Level 1 Complete
P276,Dropped at Level 2
P277,Level 1 Complete
P277,Level 2 Complete
P277,Level 3 Complete
P277,Level 4 Complete
P277,Level 5 Complete
P278,Level 1 Complete
P278,Level 2 Complete
P278,Level 3 Complete
P278,Level 4 Complete
P278,Level 5 Complete
P279,Level 1 Complete
P279,Level 2 Complete
P279,Level 3 Complete
P279,Level 4 Complete
P279,Level 5 Complete
P280,Level 1 Complete
P280,Dropped at Level 2
P281,Level 1 Complete
P281,Dropped at Level 2
P282,Level 1 Complete
P282,Level 2 Complete
P282,Level 3 Complete
P282,Level 4 Complete
P282,Level 5 Complete
P283,Level 1 Complete
P283,Level 2 Complete
P283,Level 3 Complete
P283,Level 4 Complete
P283,Level 5 Complete
P284,Level 1 Complete
P284,Level 2 Complete
P284,Level 3 Complete
P284,Level 4 Complete
P284,Level 5 Complete
P285,Level 1 Complete
P285,Level 2 Complete
P285,Level 3 Complete
P285,Dropped at Level 4
P286,Level 1 Complete
P286,Dropped at Level 2
P287,Level 1 Complete
P287,Dropped at Level 2
P288,Level 1 Complete
P288,Dropped at Level 2
P289,Level 1 Complete
P289,Dropped at Level 2
P290,Dropped at Level 1
P291,Level 1 Complete
P291,Dropped at Level 2
P292,Level 1 Complete
P292,Dropped at Level 2
P293,Level 1 Complete
P293,Level 2 Complete
P293,Level 3 Complete
P293,Level 4 Complete
P293,Dropped at Level 5
P294,Dropped at Level 1
P295,Level 1 Complete
P295,Level 2 Complete
P295,Level 3 Complete
P295,Level 4 Complete
P295,Level 5 Complete
P296,Level 1 Complete
P296,Level 2 Complete
P296,Level 3 Complete
P296,Level 4 Complete
P296,Level 5 Complete
P297,Level 1 Complete
P297,Level 2 Complete
P297,Level 3 Complete
P297,Level 4 Complete
P297,Level 5 Complete
P298,Level 1 Complete
P298,Level 2 Complete
P298,Level 3 Complete
P298,Level 4 Complete
P298,Level 5 Complete
P299,Dropped at Level 1
P300,Level 1 Complete
P300,Dropped at Level 2
P301,Level 1 Complete
P301,Dropped at Level 2
P302,Level 1 Complete
P302,Level 2 Complete
P302,Level 3 Complete
P302,Dropped at Level 4
P303,Level 1 Complete
P303,Dropped at Level 2
P304,Level 1 Complete
P304,Dropped at Level 2
P305,Level 1 Complete
P305,Level 2 Complete
P305,Level 3 Complete
P305,Level 4 Complete
P305,Level 5 Complete
P306,Level 1 Complete
P306,Level 2 Complete
P306,Level 3 Complete
P306,Level 4 Complete
P306,Dropped at Level 5
P307,Level 1 Complete
P307,Level 2 Complete
P307,Level 3 Complete
P307,Dropped at Level 4
P308,Dropped at Level 1
P309,Level 1 Complete
P309,Level 2 Complete
P309,Level 3 Complete
P309,Level 4 Complete
P309,Level 5 Complete
P310,Level 1 Complete
P310,Dropped at Level 2
P311,Level 1 Complete
P311,Level 2 Complete
P311,Level 3 Complete
P311,Level 4 Complete
P311,Dropped at Level 5
P312,Level 1 Complete
P312,Level 2 Complete
P312,Level 3 Complete
P312,Level 4 Complete
P312,Dropped at Level 5
P313,Level 1 Complete
P313,Level 2 Complete
P313,Level 3 Complete
P313,Level 4 Complete
P313,Level 5 Complete
P314,Dropped at Level 1
P315,Level 1 Complete
P315,Level 2 Complete
P315,Level 3 Complete
P315,Dropped at Level 4
P316,Level 1 Complete
P316,Level 2 Complete
P316,Level 3 Complete
P316,Level 4 Complete
P316,Dropped at Level 5
P317,Level 1 Complete
P317,Level 2 Complete
P317,Level 3 Complete
P317,Level 4 Complete
P317,Level 5 Complete
P318,Dropped at Level 1
P319,Dropped at Level 1
P320,Level 1 Complete
P320,Level 2 Complete
P320,Level 3 Complete
P320,Dropped at Level 4
P321,Dropped at Level 1
P322,Level 1 Complete
P322,Level 2 Complete
P322,Level 3 Complete
P322,Level 4 Complete
P322,Level 5 Complete
P323,Level 1 Complete
P323,Level 2 Complete
P323,Dropped at Level 3
P324,Level 1 Complete
P324,Level 2 Complete
P324,Level 3 Complete
P324,Level 4 Complete
P324,Dropped at Level 5
P325,Level 1 Complete
P325,Dropped at Level 2
P326,Level 1 Complete
P326,Dropped at Level 2
P327,Dropped at Level 1
P328,Dropped at Level 1
P329,Level 1 Complete
P329,Level 2 Complete
P329,Level 3 Complete
P329,Dropped at Level 4
P330,Level 1 Complete
P330,Level 2 Complete
P330,Level 3 Complete
P330,Level 4 Complete
P330,Level 5 Complete
P331,Level 1 Complete
P331,Level 2 Complete
P331,Level 3 Complete
P331,Level 4 Complete
P331,Level 5 Complete
P332,Level 1 Complete
P332,Level 2 Complete
P332,Level 3 Complete
P332,Level 4 Complete
P332,Level 5 Complete
P333,Level 1 Complete
P333,Level 2 Complete
P333,Level 3 Complete
P333,Level 4 Complete
P333,Level 5 Complete
P334,Level 1 Complete
P334,Level 2 Complete
P334,Level 3 Complete
P334,Level 4 Complete
P334,Level 5 Complete
P335,Level 1 Complete
P335,Level 2 Complete
P335,Dropped at Level 3
P336,Level 1 Complete
P336,Level 2 Complete
P336,Dropped at Level 3
P337,Dropped at Level 1
P338,Level 1 Complete
P338,Level 2 Complete
P338,Level 3 Complete
P338,Dropped at Level 4
P339,Level 1 Complete
P339,Level 2 Complete
P339,Level 3 Complete
P339,Level 4 Complete
P339,Level 5 Complete
P340,Dropped at Level 1
P341,Dropped at Level 1
P342,Level 1 Complete
P342,Level 2 Complete
P342,Level 3 Complete
P342,Level 4 Complete
P342,Level 5 Complete
P343,Level 1 Complete
P343,Level 2 Complete
P343,Level 3 Complete
P343,Level 4 Complete
P343,Level 5 Complete
P344,Dropped at Level 1
P345,Level 1 Complete
P345,Dropped at Level 2
P346,Dropped at Level 1
P347,Dropped at Level 1
P348,Level 1 Complete
P348,Level 2 Complete
P348,Level 3 Complete
P348,Level 4 Complete
P348,Level 5 Complete
P349,Level 1 Complete
P349,Level 2 Complete
P349,Level 3 Complete
P349,Level 4 Complete
P349,Level 5 Complete
P350,Level 1 Complete
P350,Dropped at Level 2
P351,Dropped at Level 1
P352,Level 1 Complete
P352,Level 2 Complete
P352,Level 3 Complete
P352,Dropped at Level 4
P353,Dropped at Level 1
P354,Level 1 Complete
P354,Dropped at Level 2
P355,Level 1 Complete
P355,Level 2 Complete
P355,Level 3 Complete
P355,Level 4 Complete
P355,Level 5 Complete
P356,Level 1 Complete
P356,Level 2 Complete
P356,Level 3 Complete
P356,Level 4 Complete
P356,Level 5 Complete
P357,Level 1 Complete
P357,Level 2 Complete
P357,Dropped at Level 3
P358,Level 1 Complete
P358,Level 2 Complete
P358,Level 3 Complete
P358,Level 4 Complete
P358,Dropped at Level 5
P359,Dropped at Level 1
P360,Level 1 Complete
P360,Level 2 Complete
P360,Level 3 Complete
P360,Level 4 Complete
P360,Level 5 Complete
P361,Level 1 Complete
P361,Dropped at Level 2
P362,Level 1 Complete
P362,Dropped at Level 2
P363,Level 1 Complete
P363,Level 2 Complete
P363,Dropped at Level 3
P364,Level 1 Complete
P364,Level 2 Complete
P364,Level 3 Complete
P364,Level 4 Complete
P364,Level 5 Complete
P365,Level 1 Complete
P365,Level 2 Complete
P365,Level 3 Complete
P365,Dropped at Level 4
P366,Dropped at Level 1
P367,Level 1 Complete
P367,Dropped at Level 2
P368,Level 1 Complete
P368,Dropped at Level 2
P369,Level 1 Complete
P369,Dropped at Level 2
P370,Level 1 Complete
P370,Level 2 Complete
P370,Level 3 Complete
P370,Level 4 Complete
P370,Level 5 Complete
P371,Level 1 Complete
P371,Level 2 Complete
P371,Level 3 Complete
P371,Level 4 Complete
P371,Level 5 Complete
P372,Level 1 Complete
P372,Level 2 Complete
P372,Level 3 Complete
P372,Level 4 Complete
P372,Level 5 Complete
P373,Level 1 Complete
P373,Level 2 Complete
P373,Level 3 Complete
P373,Level 4 Complete
P373,Level 5 Complete
P374,Level 1 Complete
P374,Level 2 Complete
P374,Level 3 Complete
P374,Dropped at Level 4
P375,Level 1 Complete
P375,Dropped at Level 2
P376,Level 1 Complete
P376,Level 2 Complete
P376,Level 3 Complete
P376,Level 4 Complete
P376,Level 5 Complete
P377,Level 1 Complete
P377,Level 2 Complete
P377,Level 3 Complete
P377,Level 4 Complete
P377,Level 5 Complete
P378,Level 1 Complete
P378,Level 2 Complete
P378,Level 3 Complete
P378,Level 4 Complete
P378,Level 5 Complete
P379,Level 1 Complete
P379,Level 2 Complete
P379,Level 3 Complete
P379,Level 4 Complete
P379,Level 5 Complete
P380,Dropped at Level 1
P381,Dropped at Level 1
P382,Level 1 Complete
P382,Dropped at Level 2
P383,Dropped at Level 1
P384,Level 1 Complete
P384,Level 2 Complete
P384,Level 3 Complete
P384,Level 4 Complete
P384,Level 5 Complete
P385,Level 1 Complete
P385,Level 2 Complete
P385,Level 3 Complete
P385,Level 4 Complete
P385,Dropped at Level 5
P386,Level 1 Complete
P386,Dropped at Level 2
P387,Level 1 Complete
P387,Level 2 Complete
P387,Level 3 Complete
P387,Level 4 Complete
P387,Level 5 Complete
P388,Level 1 Complete
P388,Dropped at Level 2
P389,Dropped at Level 1
P390,Level 1 Complete
P390,Level 2 Complete
P390,Level 3 Complete
P390,Dropped at Level 4
P391,Level 1 Complete
P391,Level 2 Complete
P391,Level 3 Complete
P391,Level 4 Complete
P391,Level 5 Complete
P392,Level 1 Complete
P392,Dropped at Level 2
P393,Level 1 Complete
P393,Level 2 Complete
P393,Dropped at Level 3
P394,Level 1 Complete
P394,Level 2 Complete
P394,Level 3 Complete
P394,Level 4 Complete
P394,Level 5 Complete
P395,Level 1 Complete
P395,Level 2 Complete
P395,Level 3 Complete
P395,Dropped at Level 4
P396,Level 1 Complete
P396,Dropped at Level 2
P397,Level 1 Complete
P397,Level 2 Complete
P397,Level 3 Complete
P397,Dropped at Level 4
P398,Level 1 Complete
P398,Level 2 Complete
P398,Level 3 Complete
P398,Level 4 Complete
P398,Level 5 Complete
P399,Level 1 Complete
P399,Dropped at Level 2
P400,Level 1 Complete
P400,Level 2 Complete
P400,Level 3 Complete
P400,Dropped at Level 4
P401,Level 1 Complete
P401,Level 2 Complete
P401,Level 3 Complete
P401,Level 4 Complete
P401,Level 5 Complete
P402,Level 1 Complete
P402,Dropped at Level 2
P403,Level 1 Complete
P403,Level 2 Complete
P403,Level 3 Complete
P403,Level 4 Complete
P403,Level 5 Complete
P404,Level 1 Complete
P404,Level 2 Complete
P404,Level 3 Complete
P404,Level 4 Complete
P404,Dropped at Level 5
P405,Level 1 Complete
P405,Dropped at Level 2
P406,Dropped at Level 1
P407,Dropped at Level 1
P408,Level 1 Complete
P408,Level 2 Complete
P408,Level 3 Complete
P408,Dropped at Level 4
P409,Level 1 Complete
P409,Level 2 Complete
P409,Dropped at Level 3
P410,Level 1 Complete
P410,Level 2 Complete
P410,Level 3 Complete
P410,Dropped at Level 4
P411,Level 1 Complete
P411,Level 2 Complete
P411,Level 3 Complete
P411,Level 4 Complete
P411,Dropped at Level 5
P412,Level 1 Complete
P412,Dropped at Level 2
P413,Level 1 Complete
P413,Level 2 Complete
P413,Level 3 Complete
P413,Level 4 Complete
P413,Level 5 Complete
P414,Level 1 Complete
P414,Level 2 Complete
P414,Dropped at Level 3
P415,Level 1 Complete
P415,Level 2 Complete
P415,Dropped at Level 3
P416,Level 1 Complete
P416,Level 2 Complete
P416,Level 3 Complete
P416,Level 4 Complete
P416,Level 5 Complete
P417,Dropped at Level 1
P418,Dropped at Level 1
P419,Level 1 Complete
P419,Level 2 Complete
P419,Level 3 Complete
P419,Level 4 Complete
P419,Level 5 Complete
P420,Level 1 Complete
P420,Level 2 Complete
P420,Level 3 Complete
P420,Level 4 Complete
P420,Level 5 Complete
P421,Level 1 Complete
P421,Level 2 Complete
P421,Level 3 Complete
P421,Level 4 Complete
P421,Level 5 Complete
P422,Level 1 Complete
P422,Dropped at Level 2
P423,Level 1 Complete
P423,Level 2 Complete
P423,Level 3 Complete
P423,Level 4 Complete
P423,Level 5 Complete
P424,Level 1 Complete
P424,Level 2 Complete
P424,Level 3 Complete
P424,Dropped at Level 4
P425,Level 1 Complete
P425,Level 2 Complete
P425,Level 3 Complete
P425,Level 4 Complete
P425,Dropped at Level 5
P426,Level 1 Complete
P426,Level 2 Complete
P426,Dropped at Level 3
P427,Level 1 Complete
P427,Level 2 Complete
P427,Level 3 Complete
P427,Dropped at Level 4
P428,Level 1 Complete
P428,Level 2 Complete
P428,Level 3 Complete
P428,Level 4 Complete
P428,Level 5 Complete
P429,Dropped at Level 1
P430,Level 1 Complete
P430,Level 2 Complete
P430,Level 3 Complete
P430,Level 4 Complete
P430,Level 5 Complete
P431,Level 1 Complete
P431,Level 2 Complete
P431,Dropped at Level 3
P432,Dropped at Level 1
P433,Level 1 Complete
P433,Level 2 Complete
P433,Level 3 Complete
P433,Level 4 Complete
P433,Dropped at Level 5
P434,Level 1 Complete
P434,Level 2 Complete
P434,Level 3 Complete
P434,Level 4 Complete
P434,Level 5 Complete
P435,Dropped at Level 1
P436,Dropped at Level 1
P437,Level 1 Complete
P437,Level 2 Complete
P437,Level 3 Complete
P437,Level 4 Complete
P437,Dropped at Level 5
P438,Level 1 Complete
P438,Level 2 Complete
P438,Level 3 Complete
P438,Level 4 Complete
P438,Level 5 Complete
P439,Level 1 Complete
P439,Level 2 Complete
P439,Level 3 Complete
P439,Level 4 Complete
P439,Level 5 Complete
P440,Level 1 Complete
P440,Level 2 Complete
P440,Level 3 Complete
P440,Level 4 Complete
P440,Dropped at Level 5
P441,Level 1 Complete
P441,Level 2 Complete
P441,Level 3 Complete
P441,Level 4 Complete
P441,Level 5 Complete
P442,Level 1 Complete
P442,Level 2 Complete
P442,Level 3 Complete
P442,Dropped at Level 4
P443,Level 1 Complete
P443,Level 2 Complete
P443,Dropped at Level 3
P444,Level 1 Complete
P444,Level 2 Complete
P444,Level 3 Complete
P444,Level 4 Complete
P444,Level 5 Complete
P445,Level 1 Complete
P445,Level 2 Complete
P445,Level 3 Complete
P445,Level 4 Complete
P445,Dropped at Level 5
P446,Level 1 Complete
P446,Level 2 Complete
P446,Dropped at Level 3
P447,Level 1 Complete
P447,Level 2 Complete
P447,Level 3 Complete
P447,Dropped at Level 4
P448,Dropped at Level 1
P449,Level 1 Complete
P449,Level 2 Complete
P449,Level 3 Complete
P449,Level 4 Complete
P449,Level 5 Complete
P450,Level 1 Complete
P450,Level 2 Complete
P450,Level 3 Complete
P450,Level 4 Complete
P450,Level 5 Complete
P451,Level 1 Complete
P451,Level 2 Complete
P451,Level 3 Complete
P451,Level 4 Complete
P451,Dropped at Level 5
P452,Level 1 Complete
P452,Level 2 Complete
P452,Dropped at Level 3
P453,Level 1 Complete
P453,Level 2 Complete
P453,Level 3 Complete
P453,Level 4 Complete
P453,Level 5 Complete
P454,Level 1 Complete
P454,Level 2 Complete
P454,Level 3 Complete
P454,Level 4 Complete
P454,Level 5 Complete
P455,Level 1 Complete
P455,Level 2 Complete
P455,Level 3 Complete
P455,Level 4 Complete
P455,Level 5 Complete
P456,Level 1 Complete
P456,Level 2 Complete
P456,Level 3 Complete
P456,Level 4 Complete
P456,Level 5 Complete
P457,Dropped at Level 1
P458,Level 1 Complete
P458,Level 2 Complete
P458,Level 3 Complete
P458,Level 4 Complete
P458,Dropped at Level 5
P459,Dropped at Level 1
P460,Level 1 Complete
P460,Level 2 Complete
P460,Level 3 Complete
P460,Level 4 Complete
P460,Level 5 Complete
P461,Level 1 Complete
P461,Level 2 Complete
P461,Level 3 Complete
P461,Dropped at Level 4
P462,Dropped at Level 1
P463,Level 1 Complete
P463,Dropped at Level 2
P464,Level 1 Complete
P464,Level 2 Complete
P464,Level 3 Complete
P464,Level 4 Complete
P464,Level 5 Complete
P465,Level 1 Complete
P465,Level 2 Complete
P465,Level 3 Complete
P465,Level 4 Complete
P465,Dropped at Level 5
P466,Level 1 Complete
P466,Level 2 Complete
P466,Level 3 Complete
P466,Level 4 Complete
P466,Dropped at Level 5
P467,Dropped at Level 1
P468,Level 1 Complete
P468,Level 2 Complete
P468,Level 3 Complete
P468,Dropped at Level 4
P469,Dropped at Level 1
P470,Dropped at Level 1
P471,Level 1 Complete
P471,Level 2 Complete
P471,Level 3 Complete
P471,Dropped at Level 4
P472,Dropped at Level 1
P473,Level 1 Complete
P473,Level 2 Complete
P473,Dropped at Level 3
P474,Level 1 Complete
P474,Level 2 Complete
P474,Level 3 Complete
P474,Level 4 Complete
P474,Level 5 Complete
P475,Level 1 Complete
P475,Level 2 Complete
P475,Dropped at Level 3
P476,Level 1 Complete
P476,Dropped at Level 2
P477,Level 1 Complete
P477,Level 2 Complete
P477,Dropped at Level 3
P478,Dropped at Level 1
P479,Dropped at Level 1
P480,Level 1 Complete
P480,Dropped at Level 2
P481,Dropped at Level 1
P482,Level 1 Complete
P482,Dropped at Level 2
P483,Level 1 Complete
P483,Level 2 Complete
P483,Level 3 Complete
P483,Level 4 Complete
P483,Level 5 Complete
P484,Level 1 Complete
P484,Level 2 Complete
P484,Level 3 Complete
P484,Level 4 Complete
P484,Level 5 Complete
P485,Level 1 Complete
P485,Level 2 Complete
P485,Level 3 Complete
P485,Level 4 Complete
P485,Level 5 Complete
P486,Dropped at Level 1
P487,Dropped at Level 1
P488,Level 1 Complete
P488,Level 2 Complete
P488,Level 3 Complete
P488,Level 4 Complete
P488,Level 5 Complete
P489,Level 1 Complete
P489,Level 2 Complete
P489,Level 3 Complete
P489,Level 4 Complete
P489,Dropped at Level 5
P490,Level 1 Complete
P490,Level 2 Complete
P490,Level 3 Complete
P490,Level 4 Complete
P490,Level 5 Complete
P491,Level 1 Complete
P491,Level 2 Complete
P491,Level 3 Complete
P491,Level 4 Complete
P491,Level 5 Complete
P492,Level 1 Complete
P492,Level 2 Complete
P492,Level 3 Complete
P492,Level 4 Complete
P492,Dropped at Level 5
P493,Level 1 Complete
P493,Level 2 Complete
P493,Dropped at Level 3
P494,Dropped at Level 1
P495,Level 1 Complete
P495,Level 2 Complete
P495,Level 3 Complete
P495,Level 4 Complete
P495,Level 5 Complete
P496,Dropped at Level 1
P497,Level 1 Complete
P497,Level 2 Complete
P497,Dropped at Level 3
P498,Level 1 Complete
P498,Level 2 Complete
P498,Level 3 Complete
P498,Level 4 Complete
P498,Level 5 Complete
P499,Dropped at Level 1
P500,Dropped at Level 1
P501,Level 1 Complete
P501,Level 2 Complete
P501,Level 3 Complete
P501,Level 4 Complete
P501,Level 5 Complete
P502,Level 1 Complete
P502,Level 2 Complete
P502,Level 3 Complete
P502,Level 4 Complete
P502,Level 5 Complete
P503,Level 1 Complete
P503,Dropped at Level 2
P504,Level 1 Complete
P504,Level 2 Complete
P504,Level 3 Complete
P504,Dropped at Level 4
P505,Level 1 Complete
P505,Dropped at Level 2
P506,Level 1 Complete
P506,Dropped at Level 2
P507,Dropped at Level 1
P508,Level 1 Complete
P508,Level 2 Complete
P508,Level 3 Complete
P508,Level 4 Complete
P508,Level 5 Complete
P509,Level 1 Complete
P509,Level 2 Complete
P509,Level 3 Complete
P509,Level 4 Complete
P509,Level 5 Complete
P510,Level 1 Complete
P510,Level 2 Complete
P510,Level 3 Complete
P510,Level 4 Complete
P510,Level 5 Complete
P511,Level 1 Complete
P511,Level 2 Complete
P511,Level 3 Complete
P511,Level 4 Complete
P511,Level 5 Complete
P512,Level 1 Complete
P512,Level 2 Complete
P512,Level 3 Complete
P512,Level 4 Complete
P512,Level 5 Complete
P513,Level 1 Complete
P513,Level 2 Complete
P513,Level 3 Complete
P513,Level 4 Complete
P513,Dropped at Level 5
P514,Level 1 Complete
P514,Dropped at Level 2
P515,Level 1 Complete
P515,Level 2 Complete
P515,Level 3 Complete
P515,Level 4 Complete
P515,Dropped at Level 5
P516,Level 1 Complete
P516,Level 2 Complete
P516,Level 3 Complete
P516,Level 4 Complete
P516,Level 5 Complete
P517,Level 1 Complete
P517,Level 2 Complete
P517,Level 3 Complete
P517,Level 4 Complete
P517,Level 5 Complete
P518,Level 1 Complete
P518,Dropped at Level 2
P519,Level 1 Complete
P519,Level 2 Complete
P519,Level 3 Complete
P519,Level 4 Complete
P519,Level 5 Complete
P520,Level 1 Complete
P520,Level 2 Complete
P520,Level 3 Complete
P520,Level 4 Complete
P520,Level 5 Complete
P521,Level 1 Complete
P521,Level 2 Complete
P521,Level 3 Complete
P521,Dropped at Level 4
P522,Dropped at Level 1
P523,Level 1 Complete
P523,Level 2 Complete
P523,Level 3 Complete
P523,Level 4 Complete
P523,Level 5 Complete
P524,Level 1 Complete
P524,Level 2 Complete
P524,Level 3 Complete
P524,Level 4 Complete
P524,Level 5 Complete
P525,Level 1 Complete
P525,Level 2 Complete
P525,Level 3 Complete
P525,Level 4 Complete
P525,Level 5 Complete
P526,Dropped at Level 1
P527,Dropped at Level 1
P528,Level 1 Complete
P528,Level 2 Complete
P528,Dropped at Level 3
P529,Level 1 Complete
P529,Level 2 Complete
P529,Level 3 Complete
P529,Level 4 Complete
P529,Level 5 Complete
P530,Level 1 Complete
P530,Dropped at Level 2
P531,Level 1 Complete
P531,Level 2 Complete
P531,Dropped at Level 3
P532,Level 1 Complete
P532,Level 2 Complete
P532,Level 3 Complete
P532,Level 4 Complete
P532,Level 5 Complete
P533,Level 1 Complete
P533,Dropped at Level 2
P534,Level 1 Complete
P534,Level 2 Complete
P534,Level 3 Complete
P534,Level 4 Complete
P534,Level 5 Complete
P535,Level 1 Complete
P535,Level 2 Complete
P535,Level 3 Complete
P535,Level 4 Complete
P535,Level 5 Complete
P536,Level 1 Complete
P536,Level 2 Complete
P536,Level 3 Complete
P536,Level 4 Complete
P536,Level 5 Complete
P537,Level 1 Complete
P537,Level 2 Complete
P537,Level 3 Complete
P537,Level 4 Complete
P537,Level 5 Complete
P538,Level 1 Complete
P538,Level 2 Complete
P538,Dropped at Level 3
P539,Level 1 Complete
P539,Level 2 Complete
P539,Level 3 Complete
P539,Level 4 Complete
P539,Level 5 Complete
P540,Level 1 Complete
P540,Level 2 Complete
P540,Level 3 Complete
P540,Level 4 Complete
P540,Level 5 Complete
P541,Level 1 Complete
P541,Level 2 Complete
P541,Dropped at Level 3
P542,Level 1 Complete
P542,Level 2 Complete
P542,Level 3 Complete
P542,Dropped at Level 4
P543,Level 1 Complete
P543,Dropped at Level 2
P544,Level 1 Complete
P544,Level 2 Complete
P544,Level 3 Complete
P544,Level 4 Complete
P544,Level 5 Complete
P545,Level 1 Complete
P545,Level 2 Complete
P545,Level 3 Complete
P545,Dropped at Level 4
P546,Level 1 Complete
P546,Level 2 Complete
P546,Level 3 Complete
P546,Dropped at Level 4
P547,Level 1 Complete
P547,Level 2 Complete
P547,Level 3 Complete
P547,Dropped at Level 4
P548,Level 1 Complete
P548,Dropped at Level 2
P549,Dropped at Level 1
P550,Level 1 Complete
P550,Level 2 Complete
P550,Level 3 Complete
P550,Dropped at Level 4
P551,Level 1 Complete
P551,Level 2 Complete
P551,Dropped at Level 3
P552,Level 1 Complete
P552,Level 2 Complete
P552,Dropped at Level 3
P553,Level 1 Complete
P553,Level 2 Complete
P553,Level 3 Complete
P553,Level 4 Complete
P553,Level 5 Complete
P554,Level 1 Complete
P554,Level 2 Complete
P554,Level 3 Complete
P554,Level 4 Complete
P554,Level 5 Complete
P555,Level 1 Complete
P555,Level 2 Complete
P555,Dropped at Level 3
P556,Dropped at Level 1
P557,Level 1 Complete
P557,Level 2 Complete
P557,Level 3 Complete
P557,Level 4 Complete
P557,Dropped at Level 5
P558,Dropped at Level 1
P559,Level 1 Complete
P559,Level 2 Complete
P559,Level 3 Complete
P559,Level 4 Complete
P559,Level 5 Complete
P560,Dropped at Level 1
P561,Level 1 Complete
P561,Level 2 Complete
P561,Level 3 Complete
P561,Level 4 Complete
P561,Dropped at Level 5
P562,Level 1 Complete
P562,Level 2 Complete
P562,Level 3 Complete
P562,Dropped at Level 4
P563,Dropped at Level 1
P564,Level 1 Complete
P564,Level 2 Complete
P564,Level 3 Complete
P564,Level 4 Complete
P564,Level 5 Complete
P565,Level 1 Complete
P565,Level 2 Complete
P565,Level 3 Complete
P565,Dropped at Level 4
P566,Level 1 Complete
P566,Level 2 Complete
P566,Level 3 Complete
P566,Level 4 Complete
P566,Level 5 Complete
P567,Level 1 Complete
P567,Dropped at Level 2
P568,Dropped at Level 1
P569,Level 1 Complete
P569,Level 2 Complete
P569,Level 3 Complete
P569,Level 4 Complete
P569,Level 5 Complete
P570,Level 1 Complete
P570,Dropped at Level 2
P571,Level 1 Complete
P571,Dropped at Level 2
P572,Level 1 Complete
P572,Level 2 Complete
P572,Dropped at Level 3
P573,Level 1 Complete
P573,Level 2 Complete
P573,Level 3 Complete
P573,Dropped at Level 4
P574,Dropped at Level 1
P575,Level 1 Complete
P575,Dropped at Level 2
P576,Dropped at Level 1
P577,Level 1 Complete
P577,Level 2 Complete
P577,Level 3 Complete
P577,Dropped at Level 4
P578,Level 1 Complete
P578,Level 2 Complete
P578,Level 3 Complete
P578,Level 4 Complete
P578,Dropped at Level 5
P579,Level 1 Complete
P579,Level 2 Complete
P579,Level 3 Complete
P579,Level 4 Complete
P579,Level 5 Complete
P580,Dropped at Level 1
P581,Level 1 Complete
P581,Level 2 Complete
P581,Level 3 Complete
P581,Dropped at Level 4
P582,Level 1 Complete
P582,Level 2 Complete
P582,Level 3 Complete
P582,Level 4 Complete
P582,Level 5 Complete
P583,Level 1 Complete
P583,Dropped at Level 2
P584,Level 1 Complete
P584,Level 2 Complete
P584,Level 3 Complete
P584,Level 4 Complete
P584,Level 5 Complete
P585,Level 1 Complete
P585,Level 2 Complete
P585,Dropped at Level 3
P586,Level 1 Complete
P586,Level 2 Complete
P586,Level 3 Complete
P586,Level 4 Complete
P586,Dropped at Level 5
P587,Level 1 Complete
P587,Level 2 Complete
P587,Level 3 Complete
P587,Dropped at Level 4
P588,Dropped at Level 1
P589,Level 1 Complete
P589,Level 2 Complete
P589,Level 3 Complete
P589,Dropped at Level 4
P590,Level 1 Complete
P590,Dropped at Level 2
P591,Level 1 Complete
P591,Level 2 Complete
P591,Dropped at Level 3
P592,Level 1 Complete
P592,Level 2 Complete
P592,Level 3 Complete
P592,Level 4 Complete
P592,Dropped at Level 5
P593,Level 1 Complete
P593,Dropped at Level 2
P594,Level 1 Complete
P594,Level 2 Complete
P594,Level 3 Complete
P594,Level 4 Complete
P594,Level 5 Complete
P595,Dropped at Level 1
P596,Dropped at Level 1
P597,Level 1 Complete
P597,Level 2 Complete
P597,Level 3 Complete
P597,Level 4 Complete
P597,Level 5 Complete
P598,Level 1 Complete
P598,Level 2 Complete
P598,Dropped at Level 3
P599,Level 1 Complete
P599,Level 2 Complete
P599,Level 3 Complete
P599,Level 4 Complete
P599,Level 5 Complete
P600,Level 1 Complete
P600,Level 2 Complete
P600,Level 3 Complete
P600,Level 4 Complete
P600,Level 5 Complete
P601,Level 1 Complete
P601,Level 2 Complete
P601,Level 3 Complete
P601,Level 4 Complete
P601,Level 5 Complete
P602,Level 1 Complete
P602,Level 2 Complete
P602,Level 3 Complete
P602,Level 4 Complete
P602,Level 5 Complete
P603,Level 1 Complete
P603,Level 2 Complete
P603,Level 3 Complete
P603,Level 4 Complete
P603,Level 5 Complete
P604,Dropped at Level 1
P605,Level 1 Complete
P605,Level 2 Complete
P605,Level 3 Complete
P605,Level 4 Complete
P605,Level 5 Complete
P606,Level 1 Complete
P606,Dropped at Level 2
P607,Level 1 Complete
P607,Level 2 Complete
P607,Level 3 Complete
P607,Dropped at Level 4
P608,Level 1 Complete
P608,Level 2 Complete
P608,Dropped at Level 3
P609,Level 1 Complete
P609,Level 2 Complete
P609,Dropped at Level 3
P610,Level 1 Complete
P610,Level 2 Complete
P610,Level 3 Complete
P610,Dropped at Level 4
P611,Level 1 Complete
P611,Level 2 Complete
P611,Level 3 Complete
P611,Level 4 Complete
P611,Level 5 Complete
P612,Dropped at Level 1
P613,Level 1 Complete
P613,Level 2 Complete
P613,Level 3 Complete
P613,Dropped at Level 4
P614,Level 1 Complete
P614,Level 2 Complete
P614,Level 3 Complete
P614,Level 4 Complete
P614,Level 5 Complete
P615,Level 1 Complete
P615,Level 2 Complete
P615,Dropped at Level 3
P616,Level 1 Complete
P616,Level 2 Complete
P616,Level 3 Complete
P616,Level 4 Complete
P616,Level 5 Complete
P617,Level 1 Complete
P617,Level 2 Complete
P617,Level 3 Complete
P617,Level 4 Complete
P617,Level 5 Complete
P618,Level 1 Complete
P618,Level 2 Complete
P618,Level 3 Complete
P618,Level 4 Complete
P618,Level 5 Complete
P619,Dropped at Level 1
P620,Level 1 Complete
P620,Level 2 Complete
P620,Level 3 Complete
P620,Level 4 Complete
P620,Level 5 Complete
P621,Level 1 Complete
P621,Level 2 Complete
P621,Dropped at Level 3
P622,Level 1 Complete
P622,Dropped at Level 2
P623,Dropped at Level 1
P624,Level 1 Complete
P624,Level 2 Complete
P624,Level 3 Complete
P624,Dropped at Level 4
P625,Level 1 Complete
P625,Level 2 Complete
P625,Dropped at Level 3
P626,Level 1 Complete
P626,Level 2 Complete
P626,Level 3 Complete
P626,Level 4 Complete
P626,Level 5 Complete
P627,Level 1 Complete
P627,Dropped at Level 2
P628,Level 1 Complete
P628,Level 2 Complete
P628,Level 3 Complete
P628,Level 4 Complete
P628,Level 5 Complete
P629,Dropped at Level 1
P630,Level 1 Complete
P630,Dropped at Level 2
P631,Level 1 Complete
P631,Level 2 Complete
P631,Level 3 Complete
P631,Level 4 Complete
P631,Dropped at Level 5
P632,Level 1 Complete
P632,Level 2 Complete
P632,Dropped at Level 3
P633,Level 1 Complete
P633,Dropped at Level 2
P634,Level 1 Complete
P634,Dropped at Level 2
P635,Level 1 Complete
P635,Level 2 Complete
P635,Dropped at Level 3
P636,Level 1 Complete
P636,Dropped at Level 2
P637,Level 1 Complete
P637,Level 2 Complete
P637,Level 3 Complete
P637,Level 4 Complete
P637,Level 5 Complete
P638,Level 1 Complete
P638,Level 2 Complete
P638,Level 3 Complete
P638,Level 4 Complete
P638,Level 5 Complete
P639,Level 1 Complete
P639,Level 2 Complete
P639,Dropped at Level 3
P640,Dropped at Level 1
P641,Dropped at Level 1
P642,Level 1 Complete
P642,Dropped at Level 2
P643,Dropped at Level 1
P644,Level 1 Complete
P644,Level 2 Complete
P644,Level 3 Complete
P644,Level 4 Complete
P644,Dropped at Level 5
P645,Level 1 Complete
P645,Dropped at Level 2
P646,Level 1 Complete
P646,Level 2 Complete
P646,Level 3 Complete
P646,Level 4 Complete
P646,Level 5 Complete
P647,Level 1 Complete
P647,Level 2 Complete
P647,Level 3 Complete
P647,Level 4 Complete
P647,Dropped at Level 5
P648,Level 1 Complete
P648,Level 2 Complete
P648,Level 3 Complete
P648,Level 4 Complete
P648,Level 5 Complete
P649,Level 1 Complete
P649,Level 2 Complete
P649,Level 3 Complete
P649,Level 4 Complete
P649,Level 5 Complete
P650,Level 1 Complete
P650,Level 2 Complete
P650,Level 3 Complete
P650,Level 4 Complete
P650,Level 5 Complete
P651,Level 1 Complete
P651,Level 2 Complete
P651,Level 3 Complete
P651,Level 4 Complete
P651,Dropped at Level 5
P652,Level 1 Complete
P652,Dropped at Level 2
P653,Level 1 Complete
P653,Level 2 Complete
P653,Level 3 Complete
P653,Dropped at Level 4
P654,Level 1 Complete
P654,Level 2 Complete
P654,Level 3 Complete
P654,Dropped at Level 4
P655,Dropped at Level 1
P656,Dropped at Level 1
P657,Level 1 Complete
P657,Level 2 Complete
P657,Level 3 Complete
P657,Level 4 Complete
P657,Level 5 Complete
P658,Level 1 Complete
P658,Dropped at Level 2
P659,Level 1 Complete
P659,Level 2 Complete
P659,Level 3 Complete
P659,Level 4 Complete
P659,Level 5 Complete
P660,Level 1 Complete
P660,Level 2 Complete
P660,Level 3 Complete
P660,Level 4 Complete
P660,Level 5 Complete
P661,Dropped at Level 1
P662,Level 1 Complete
P662,Level 2 Complete
P662,Level 3 Complete
P662,Level 4 Complete
P662,Level 5 Complete
P663,Level 1 Complete
P663,Dropped at Level 2
P664,Level 1 Complete
P664,Level 2 Complete
P664,Level 3 Complete
P664,Level 4 Complete
P664,Level 5 Complete
P665,Level 1 Complete
P665,Level 2 Complete
P665,Dropped at Level 3
P666,Level 1 Complete
P666,Dropped at Level 2
P667,Level 1 Complete
P667,Level 2 Complete
P667,Level 3 Complete
P667,Dropped at Level 4
P668,Level 1 Complete
P668,Level 2 Complete
P668,Level 3 Complete
P668,Level 4 Complete
P668,Level 5 Complete
P669,Level 1 Complete
P669,Level 2 Complete
P669,Dropped at Level 3
P670,Level 1 Complete
P670,Dropped at Level 2
P671,Level 1 Complete
P671,Level 2 Complete
P671,Level 3 Complete
P671,Level 4 Complete
P671,Level 5 Complete
P672,Dropped at Level 1
P673,Level 1 Complete
P673,Level 2 Complete
P673,Level 3 Complete
P673,Level 4 Complete
P673,Level 5 Complete
P674,Level 1 Complete
P674,Level 2 Complete
P674,Level 3 Complete
P674,Dropped at Level 4
P675,Level 1 Complete
P675,Dropped at Level 2
P676,Level 1 Complete
P676,Level 2 Complete
P676,Level 3 Complete
P676,Dropped at Level 4
P677,Level 1 Complete
P677,Dropped at Level 2
P678,Dropped at Level 1
P679,Level 1 Complete
P679,Level 2 Complete
P679,Level 3 Complete
P679,Level 4 Complete
P679,Level 5 Complete
P680,Level 1 Complete
P680,Level 2 Complete
P680,Level 3 Complete
P680,Dropped at Level 4
P681,Level 1 Complete
P681,Level 2 Complete
P681,Level 3 Complete
P681,Level 4 Complete
P681,Level 5 Complete
P682,Level 1 Complete
P682,Level 2 Complete
P682,Level 3 Complete
P682,Level 4 Complete
P682,Level 5 Complete
P683,Level 1 Complete
P683,Level 2 Complete
P683,Level 3 Complete
P683,Dropped at Level 4
P684,Level 1 Complete
P684,Level 2 Complete
P684,Level 3 Complete
P684,Level 4 Complete
P684,Dropped at Level 5
P685,Level 1 Complete
P685,Dropped at Level 2
P686,Dropped at Level 1
P687,Level 1 Complete
P687,Level 2 Complete
P687,Level 3 Complete
P687,Level 4 Complete
P687,Level 5 Complete
P688,Dropped at Level 1
P689,Level 1 Complete
P689,Level 2 Complete
P689,Level 3 Complete
P689,Level 4 Complete
P689,Level 5 Complete
P690,Level 1 Complete
P690,Dropped at Level 2
P691,Level 1 Complete
P691,Level 2 Complete
P691,Level 3 Complete
P691,Level 4 Complete
P691,Level 5 Complete
P692,Level 1 Complete
P692,Dropped at Level 2
P693,Level 1 Complete
P693,Level 2 Complete
P693,Level 3 Complete
P693,Level 4 Complete
P693,Dropped at Level 5
P694,Dropped at Level 1
P695,Level 1 Complete
P695,Level 2 Complete
P695,Level 3 Complete
P695,Level 4 Complete
P695,Level 5 Complete
P696,Level 1 Complete
P696,Level 2 Complete
P696,Level 3 Complete
P696,Dropped at Level 4
P697,Dropped at Level 1
P698,Level 1 Complete
P698,Level 2 Complete
P698,Level 3 Complete
P698,Level 4 Complete
P698,Level 5 Complete
P699,Level 1 Complete
P699,Level 2 Complete
P699,Level 3 Complete
P699,Level 4 Complete
P699,Level 5 Complete
P700,Level 1 Complete
P700,Dropped at Level 2
P701,Level 1 Complete
P701,Level 2 Complete
P701,Level 3 Complete
P701,Level 4 Complete
P701,Level 5 Complete
P702,Level 1 Complete
P702,Level 2 Complete
P702,Level 3 Complete
P702,Level 4 Complete
P702,Level 5 Complete
P703,Level 1 Complete
P703,Level 2 Complete
P703,Dropped at Level 3
P704,Level 1 Complete
P704,Dropped at Level 2
P705,Level 1 Complete
P705,Level 2 Complete
P705,Level 3 Complete
P705,Level 4 Complete
P705,Level 5 Complete
P706,Level 1 Complete
P706,Level 2 Complete
P706,Dropped at Level 3
P707,Level 1 Complete
P707,Level 2 Complete
P707,Dropped at Level 3
P708,Dropped at Level 1
P709,Level 1 Complete
P709,Level 2 Complete
P709,Level 3 Complete
P709,Level 4 Complete
P709,Level 5 Complete
P710,Level 1 Complete
P710,Level 2 Complete
P710,Level 3 Complete
P710,Level 4 Complete
P710,Level 5 Complete
P711,Level 1 Complete
P711,Level 2 Complete
P711,Dropped at Level 3
P712,Level 1 Complete
P712,Level 2 Complete
P712,Level 3 Complete
P712,Level 4 Complete
P712,Dropped at Level 5
P713,Level 1 Complete
P713,Level 2 Complete
P713,Dropped at Level 3
P714,Level 1 Complete
P714,Level 2 Complete
P714,Level 3 Complete
P714,Level 4 Complete
P714,Level 5 Complete
P715,Level 1 Complete
P715,Level 2 Complete
P715,Dropped at Level 3
P716,Dropped at Level 1
P717,Level 1 Complete
P717,Level 2 Complete
P717,Level 3 Complete
P717,Level 4 Complete
P717,Level 5 Complete
P718,Level 1 Complete
P718,Dropped at Level 2
P719,Level 1 Complete
P719,Level 2 Complete
P719,Level 3 Complete
P719,Level 4 Complete
P719,Level 5 Complete
P720,Level 1 Complete
P720,Dropped at Level 2
P721,Dropped at Level 1
P722,Level 1 Complete
P722,Level 2 Complete
P722,Dropped at Level 3
P723,Dropped at Level 1
P724,Dropped at Level 1
P725,Level 1 Complete
P725,Level 2 Complete
P725,Level 3 Complete
P725,Dropped at Level 4
P726,Level 1 Complete
P726,Level 2 Complete
P726,Level 3 Complete
P726,Level 4 Complete
P726,Level 5 Complete
P727,Dropped at Level 1
P728,Level 1 Complete
P728,Level 2 Complete
P728,Level 3 Complete
P728,Dropped at Level 4
P729,Level 1 Complete
P729,Level 2 Complete
P729,Level 3 Complete
P729,Dropped at Level 4
P730,Dropped at Level 1
P731,Level 1 Complete
P731,Level 2 Complete
P731,Level 3 Complete
P731,Level 4 Complete
P731,Dropped at Level 5
P732,Level 1 Complete
P732,Level 2 Complete
P732,Level 3 Complete
P732,Dropped at Level 4
P733,Level 1 Complete
P733,Level 2 Complete
P733,Level 3 Complete
P733,Level 4 Complete
P733,Level 5 Complete
P734,Level 1 Complete
P734,Level 2 Complete
P734,Level 3 Complete
P734,Level 4 Complete
P734,Dropped at Level 5
P735,Level 1 Complete
P735,Level 2 Complete
P735,Level 3 Complete
P735,Level 4 Complete
P735,Dropped at Level 5
P736,Dropped at Level 1
P737,Level 1 Complete
P737,Level 2 Complete
P737,Level 3 Complete
P737,Level 4 Complete
P737,Dropped at Level 5
P738,Level 1 Complete
P738,Level 2 Complete
P738,Level 3 Complete
P738,Level 4 Complete
P738,Level 5 Complete
P739,Level 1 Complete
P739,Level 2 Complete
P739,Level 3 Complete
P739,Level 4 Complete
P739,Level 5 Complete
P740,Level 1 Complete
P740,Level 2 Complete
P740,Level 3 Complete
P740,Dropped at Level 4
P741,Level 1 Complete
P741,Level 2 Complete
P741,Level 3 Complete
P741,Level 4 Complete
P741,Level 5 Complete
P742,Level 1 Complete
P742,Dropped at Level 2
P743,Dropped at Level 1
P744,Level 1 Complete
P744,Level 2 Complete
P744,Dropped at Level 3
P745,Level 1 Complete
P745,Level 2 Complete
P745,Level 3 Complete
P745,Level 4 Complete
P745,Dropped at Level 5
P746,Level 1 Complete
P746,Dropped at Level 2
P747,Level 1 Complete
P747,Level 2 Complete
P747,Dropped at Level 3
P748,Level 1 Complete
P748,Level 2 Complete
P748,Level 3 Complete
P748,Level 4 Complete
P748,Dropped at Level 5
P749,Level 1 Complete
P749,Level 2 Complete
P749,Level 3 Complete
P749,Dropped at Level 4
P750,Level 1 Complete
P750,Level 2 Complete
P750,Level 3 Complete
P750,Level 4 Complete
P750,Level 5 Complete
P751,Dropped at Level 1
P752,Dropped at Level 1
P753,Level 1 Complete
P753,Level 2 Complete
P753,Dropped at Level 3
P754,Level 1 Complete
P754,Level 2 Complete
P754,Level 3 Complete
P754,Level 4 Complete
P754,Dropped at Level 5
P755,Dropped at Level 1
P756,Level 1 Complete
P756,Level 2 Complete
P756,Level 3 Complete
P756,Level 4 Complete
P756,Level 5 Complete
P757,Level 1 Complete
P757,Level 2 Complete
P757,Level 3 Complete
P757,Level 4 Complete
P757,Level 5 Complete
P758,Level 1 Complete
P758,Level 2 Complete
P758,Level 3 Complete
P758,Dropped at Level 4
P759,Level 1 Complete
P759,Dropped at Level 2
P760,Level 1 Complete
P760,Level 2 Complete
P760,Level 3 Complete
P760,Level 4 Complete
P760,Dropped at Level 5
P761,Dropped at Level 1
P762,Level 1 Complete
P762,Level 2 Complete
P762,Dropped at Level 3
P763,Level 1 Complete
P763,Level 2 Complete
P763,Level 3 Complete
P763,Level 4 Complete
P763,Level 5 Complete
P764,Level 1 Complete
P764,Level 2 Complete
P764,Level 3 Complete
P764,Level 4 Complete
P764,Level 5 Complete
P765,Dropped at Level 1
P766,Level 1 Complete
P766,Level 2 Complete
P766,Level 3 Complete
P766,Level 4 Complete
P766,Level 5 Complete
P767,Level 1 Complete
P767,Level 2 Complete
P767,Level 3 Complete
P767,Dropped at Level 4
P768,Level 1 Complete
P768,Level 2 Complete
P768,Level 3 Complete
P768,Level 4 Complete
P768,Level 5 Complete
P769,Level 1 Complete
P769,Level 2 Complete
P769,Level 3 Complete
P769,Dropped at Level 4
P770,Level 1 Complete
P770,Level 2 Complete
P770,Level 3 Complete
P770,Level 4 Complete
P770,Level 5 Complete
P771,Dropped at Level 1
P772,Level 1 Complete
P772,Level 2 Complete
P772,Dropped at Level 3
P773,Level 1 Complete
P773,Level 2 Complete
P773,Level 3 Complete
P773,Dropped at Level 4
P774,Level 1 Complete
P774,Dropped at Level 2
P775,Level 1 Complete
P775,Level 2 Complete
P775,Level 3 Complete
P775,Level 4 Complete
P775,Level 5 Complete
P776,Level 1 Complete
P776,Level 2 Complete
P776,Level 3 Complete
P776,Level 4 Complete
P776,Level 5 Complete
P777,Dropped at Level 1
P778,Dropped at Level 1
P779,Level 1 Complete
P779,Level 2 Complete
P779,Level 3 Complete
P779,Level 4 Complete
P779,Level 5 Complete
P780,Dropped at Level 1
P781,Level 1 Complete
P781,Level 2 Complete
P781,Level 3 Complete
P781,Level 4 Complete
P781,Level 5 Complete
P782,Level 1 Complete
P782,Level 2 Complete
P782,Dropped at Level 3
P783,Dropped at Level 1
P784,Level 1 Complete
P784,Dropped at Level 2
P785,Level 1 Complete
P785,Level 2 Complete
P785,Level 3 Complete
P785,Level 4 Complete
P785,Level 5 Complete
P786,Dropped at Level 1
P787,Level 1 Complete
P787,Level 2 Complete
P787,Level 3 Complete
P787,Level 4 Complete
P787,Dropped at Level 5
P788,Level 1 Complete
P788,Level 2 Complete
P788,Level 3 Complete
P788,Level 4 Complete
P788,Level 5 Complete
P789,Level 1 Complete
P789,Level 2 Complete
P789,Level 3 Complete
P789,Dropped at Level 4
P790,Level 1 Complete
P790,Level 2 Complete
P790,Dropped at Level 3
P791,Level 1 Complete
P791,Level 2 Complete
P791,Level 3 Complete
P791,Level 4 Complete
P791,Dropped at Level 5
P792,Level 1 Complete
P792,Level 2 Complete
P792,Level 3 Complete
P792,Dropped at Level 4
P793,Level 1 Complete
P793,Dropped at Level 2
P794,Dropped at Level 1
P795,Level 1 Complete
P795,Level 2 Complete
P795,Dropped at Level 3
P796,Level 1 Complete
P796,Level 2 Complete
P796,Level 3 Complete
P796,Level 4 Complete
P796,Level 5 Complete
P797,Level 1 Complete
P797,Level 2 Complete
P797,Level 3 Complete
P797,Level 4 Complete
P797,Dropped at Level 5
P798,Level 1 Complete
P798,Dropped at Level 2
P799,Level 1 Complete
P799,Level 2 Complete
P799,Level 3 Complete
P799,Level 4 Complete
P799,Level 5 Complete
P800,Level 1 Complete
P800,Level 2 Complete
P800,Level 3 Complete
P800,Level 4 Complete
P800,Level 5 Complete
P801,Level 1 Complete
P801,Level 2 Complete
P801,Dropped at Level 3
P802,Level 1 Complete
P802,Level 2 Complete
P802,Level 3 Complete
P802,Level 4 Complete
P802,Level 5 Complete
P803,Level 1 Complete
P803,Level 2 Complete
P803,Level 3 Complete
P803,Dropped at Level 4
P804,Dropped at Level 1
P805,Level 1 Complete
P805,Level 2 Complete
P805,Dropped at Level 3
P806,Level 1 Complete
P806,Level 2 Complete
P806,Level 3 Complete
P806,Level 4 Complete
P806,Level 5 Complete
P807,Level 1 Complete
P807,Dropped at Level 2
P808,Level 1 Complete
P808,Level 2 Complete
P808,Level 3 Complete
P808,Level 4 Complete
P808,Level 5 Complete
P809,Level 1 Complete
P809,Dropped at Level 2
P810,Level 1 Complete
P810,Level 2 Complete
P810,Level 3 Complete
P810,Level 4 Complete
P810,Level 5 Complete
P811,Level 1 Complete
P811,Level 2 Complete
P811,Level 3 Complete
P811,Level 4 Complete
P811,Level 5 Complete
P812,Level 1 Complete
P812,Dropped at Level 2
P813,Level 1 Complete
P813,Dropped at Level 2
P814,Level 1 Complete
P814,Dropped at Level 2
P815,Level 1 Complete
P815,Level 2 Complete
P815,Level 3 Complete
P815,Level 4 Complete
P815,Level 5 Complete
P816,Level 1 Complete
P816,Level 2 Complete
P816,Level 3 Complete
P816,Level 4 Complete
P816,Level 5 Complete
P817,Dropped at Level 1
P818,Level 1 Complete
P818,Dropped at Level 2
P819,Level 1 Complete
P819,Level 2 Complete
P819,Level 3 Complete
P819,Level 4 Complete
P819,Dropped at Level 5
P820,Level 1 Complete
P820,Level 2 Complete
P820,Level 3 Complete
P820,Level 4 Complete
P820,Level 5 Complete
P821,Dropped at Level 1
P822,Level 1 Complete
P822,Level 2 Complete
P822,Level 3 Complete
P822,Level 4 Complete
P822,Dropped at Level 5
P823,Dropped at Level 1
P824,Level 1 Complete
P824,Level 2 Complete
P824,Level 3 Complete
P824,Level 4 Complete
P824,Level 5 Complete
P825,Dropped at Level 1
P826,Dropped at Level 1
P827,Dropped at Level 1
P828,Level 1 Complete
P828,Level 2 Complete
P828,Level 3 Complete
P828,Level 4 Complete
P828,Level 5 Complete
P829,Dropped at Level 1
P830,Level 1 Complete
P830,Level 2 Complete
P830,Level 3 Complete
P830,Level 4 Complete
P830,Level 5 Complete
P831,Level 1 Complete
P831,Level 2 Complete
P831,Level 3 Complete
P831,Dropped at Level 4
P832,Level 1 Complete
P832,Level 2 Complete
P832,Level 3 Complete
P832,Level 4 Complete
P832,Level 5 Complete
P833,Level 1 Complete
P833,Level 2 Complete
P833,Level 3 Complete
P833,Level 4 Complete
P833,Level 5 Complete
P834,Level 1 Complete
P834,Level 2 Complete
P834,Level 3 Complete
P834,Level 4 Complete
P834,Level 5 Complete
P835,Level 1 Complete
P835,Level 2 Complete
P835,Level 3 Complete
P835,Level 4 Complete
P835,Dropped at Level 5
P836,Level 1 Complete
P836,Level 2 Complete
P836,Dropped at Level 3
P837,Level 1 Complete
P837,Dropped at Level 2
P838,Dropped at Level 1
P839,Level 1 Complete
P839,Level 2 Complete
P839,Level 3 Complete
P839,Level 4 Complete
P839,Level 5 Complete
P840,Level 1 Complete
P840,Level 2 Complete
P840,Level 3 Complete
P840,Level 4 Complete
P840,Level 5 Complete
P841,Dropped at Level 1
P842,Level 1 Complete
P842,Level 2 Complete
P842,Level 3 Complete
P842,Level 4 Complete
P842,Level 5 Complete
P843,Level 1 Complete
P843,Level 2 Complete
P843,Level 3 Complete
P843,Dropped at Level 4
P844,Level 1 Complete
P844,Dropped at Level 2
P845,Level 1 Complete
P845,Level 2 Complete
P845,Level 3 Complete
P845,Level 4 Complete
P845,Level 5 Complete
P846,Level 1 Complete
P846,Level 2 Complete
P846,Level 3 Complete
P846,Level 4 Complete
P846,Dropped at Level 5
P847,Dropped at Level 1
P848,Level 1 Complete
P848,Level 2 Complete
P848,Dropped at Level 3
P849,Level 1 Complete
P849,Level 2 Complete
P849,Level 3 Complete
P849,Level 4 Complete
P849,Dropped at Level 5
P850,Level 1 Complete
P850,Dropped at Level 2
P851,Dropped at Level 1
P852,Level 1 Complete
P852,Level 2 Complete
P852,Dropped at Level 3
P853,Dropped at Level 1
P854,Level 1 Complete
P854,Level 2 Complete
P854,Level 3 Complete
P854,Level 4 Complete
P854,Level 5 Complete
P855,Level 1 Complete
P855,Level 2 Complete
P855,Level 3 Complete
P855,Level 4 Complete
P855,Level 5 Complete
P856,Level 1 Complete
P856,Level 2 Complete
P856,Level 3 Complete
P856,Level 4 Complete
P856,Level 5 Complete
P857,Level 1 Complete
P857,Level 2 Complete
P857,Level 3 Complete
P857,Level 4 Complete
P857,Level 5 Complete
P858,Dropped at Level 1
P859,Level 1 Complete
P859,Level 2 Complete
P859,Dropped at Level 3
P860,Level 1 Complete
P860,Level 2 Complete
P860,Level 3 Complete
P860,Level 4 Complete
P860,Level 5 Complete
P861,Dropped at Level 1
P862,Level 1 Complete
P862,Level 2 Complete
P862,Level 3 Complete
P862,Dropped at Level 4
P863,Level 1 Complete
P863,Dropped at Level 2
P864,Level 1 Complete
P864,Level 2 Complete
P864,Level 3 Complete
P864,Dropped at Level 4
P865,Level 1 Complete
P865,Level 2 Complete
P865,Level 3 Complete
P865,Dropped at Level 4
P866,Level 1 Complete
P866,Dropped at Level 2
P867,Level 1 Complete
P867,Dropped at Level 2
P868,Dropped at Level 1
P869,Level 1 Complete
P869,Level 2 Complete
P869,Level 3 Complete
P869,Level 4 Complete
P869,Level 5 Complete
P870,Level 1 Complete
P870,Level 2 Complete
P870,Level 3 Complete
P870,Dropped at Level 4
P871,Dropped at Level 1
P872,Level 1 Complete
P872,Level 2 Complete
P872,Level 3 Complete
P872,Level 4 Complete
P872,Level 5 Complete
P873,Level 1 Complete
P873,Level 2 Complete
P873,Level 3 Complete
P873,Level 4 Complete
P873,Level 5 Complete
P874,Level 1 Complete
P874,Level 2 Complete
P874,Dropped at Level 3
P875,Level 1 Complete
P875,Level 2 Complete
P875,Level 3 Complete
P875,Level 4 Complete
P875,Level 5 Complete
P876,Level 1 Complete
P876,Level 2 Complete
P876,Level 3 Complete
P876,Level 4 Complete
P876,Level 5 Complete
P877,Dropped at Level 1
P878,Dropped at Level 1
P879,Level 1 Complete
P879,Level 2 Complete
P879,Level 3 Complete
P879,Level 4 Complete
P879,Level 5 Complete
P880,Level 1 Complete
P880,Level 2 Complete
P880,Level 3 Complete
P880,Level 4 Complete
P880,Dropped at Level 5
P881,Dropped at Level 1
P882,Level 1 Complete
P882,Dropped at Level 2
P883,Level 1 Complete
P883,Level 2 Complete
P883,Level 3 Complete
P883,Level 4 Complete
P883,Level 5 Complete
P884,Level 1 Complete
P884,Level 2 Complete
P884,Level 3 Complete
P884,Dropped at Level 4
P885,Level 1 Complete
P885,Level 2 Complete
P885,Level 3 Complete
P885,Level 4 Complete
P885,Dropped at Level 5
P886,Level 1 Complete
P886,Level 2 Complete
P886,Level 3 Complete
P886,Dropped at Level 4
P887,Level 1 Complete
P887,Level 2 Complete
P887,Level 3 Complete
P887,Level 4 Complete
P887,Dropped at Level 5
P888,Level 1 Complete
P888,Level 2 Complete
P888,Level 3 Complete
P888,Level 4 Complete
P888,Level 5 Complete
P889,Level 1 Complete
P889,Level 2 Complete
P889,Level 3 Complete
P889,Level 4 Complete
P889,Level 5 Complete
P890,Level 1 Complete
P890,Dropped at Level 2
P891,Level 1 Complete
P891,Level 2 Complete
P891,Level 3 Complete
P891,Level 4 Complete
P891,Level 5 Complete
P892,Level 1 Complete
P892,Level 2 Complete
P892,Level 3 Complete
P892,Level 4 Complete
P892,Level 5 Complete
P893,Level 1 Complete
P893,Level 2 Complete
P893,Level 3 Complete
P893,Level 4 Complete
P893,Level 5 Complete
P894,Level 1 Complete
P894,Level 2 Complete
P894,Level 3 Complete
P894,Level 4 Complete
P894,Dropped at Level 5
P895,Level 1 Complete
P895,Level 2 Complete
P895,Level 3 Complete
P895,Level 4 Complete
P895,Level 5 Complete
P896,Dropped at Level 1
P897,Level 1 Complete
P897,Level 2 Complete
P897,Level 3 Complete
P897,Dropped at Level 4
P898,Level 1 Complete
P898,Level 2 Complete
P898,Level 3 Complete
P898,Dropped at Level 4
P899,Dropped at Level 1
P900,Level 1 Complete
P900,Dropped at Level 2
P901,Level 1 Complete
P901,Level 2 Complete
P901,Dropped at Level 3
P902,Level 1 Complete
P902,Level 2 Complete
P902,Level 3 Complete
P902,Level 4 Complete
P902,Level 5 Complete
P903,Level 1 Complete
P903,Level 2 Complete
P903,Level 3 Complete
P903,Dropped at Level 4
P904,Level 1 Complete
P904,Level 2 Complete
P904,Dropped at Level 3
P905,Level 1 Complete
P905,Dropped at Level 2
P906,Level 1 Complete
P906,Dropped at Level 2
P907,Level 1 Complete
P907,Level 2 Complete
P907,Level 3 Complete
P907,Level 4 Complete
P907,Level 5 Complete
P908,Level 1 Complete
P908,Level 2 Complete
P908,Level 3 Complete
P908,Level 4 Complete
P908,Level 5 Complete
P909,Level 1 Complete
P909,Level 2 Complete
P909,Dropped at Level 3
P910,Level 1 Complete
P910,Level 2 Complete
P910,Level 3 Complete
P910,Dropped at Level 4
P911,Level 1 Complete
P911,Level 2 Complete
P911,Level 3 Complete
P911,Level 4 Complete
P911,Level 5 Complete
P912,Dropped at Level 1
P913,Level 1 Complete
P913,Level 2 Complete
P913,Level 3 Complete
P913,Level 4 Complete
P913,Level 5 Complete
P914,Dropped at Level 1
P915,Level 1 Complete
P915,Dropped at Level 2
P916,Level 1 Complete
P916,Level 2 Complete
P916,Level 3 Complete
P916,Level 4 Complete
P916,Level 5 Complete
P917,Level 1 Complete
P917,Level 2 Complete
P917,Level 3 Complete
P917,Level 4 Complete
P917,Level 5 Complete
P918,Level 1 Complete
P918,Level 2 Complete
P918,Level 3 Complete
P918,Level 4 Complete
P918,Dropped at Level 5
P919,Level 1 Complete
P919,Dropped at Level 2
P920,Level 1 Complete
P920,Level 2 Complete
P920,Level 3 Complete
P920,Level 4 Complete
P920,Level 5 Complete
P921,Dropped at Level 1
P922,Level 1 Complete
P922,Level 2 Complete
P922,Level 3 Complete
P922,Level 4 Complete
P922,Level 5 Complete
P923,Level 1 Complete
P923,Level 2 Complete
P923,Level 3 Complete
P923,Level 4 Complete
P923,Level 5 Complete
P924,Level 1 Complete
P924,Level 2 Complete
P924,Level 3 Complete
P924,Level 4 Complete
P924,Level 5 Complete
P925,Level 1 Complete
P925,Level 2 Complete
P925,Level 3 Complete
P925,Level 4 Complete
P925,Dropped at Level 5
P926,Level 1 Complete
P926,Level 2 Complete
P926,Level 3 Complete
P926,Level 4 Complete
P926,Dropped at Level 5
P927,Level 1 Complete
P927,Level 2 Complete
P927,Level 3 Complete
P927,Dropped at Level 4
P928,Level 1 Complete
P928,Level 2 Complete
P928,Level 3 Complete
P928,Level 4 Complete
P928,Level 5 Complete
P929,Level 1 Complete
P929,Level 2 Complete
P929,Level 3 Complete
P929,Dropped at Level 4
P930,Level 1 Complete
P930,Level 2 Complete
P930,Level 3 Complete
P930,Level 4 Complete
P930,Dropped at Level 5
P931,Level 1 Complete
P931,Level 2 Complete
P931,Level 3 Complete
P931,Level 4 Complete
P931,Level 5 Complete
P932,Level 1 Complete
P932,Level 2 Complete
P932,Level 3 Complete
P932,Level 4 Complete
P932,Level 5 Complete
P933,Dropped at Level 1
P934,Level 1 Complete
P934,Level 2 Complete
P934,Level 3 Complete
P934,Dropped at Level 4
P935,Dropped at Level 1
P936,Level 1 Complete
P936,Level 2 Complete
P936,Level 3 Complete
P936,Dropped at Level 4
P937,Level 1 Complete
P937,Level 2 Complete
P937,Level 3 Complete
P937,Level 4 Complete
P937,Level 5 Complete
P938,Level 1 Complete
P938,Level 2 Complete
P938,Level 3 Complete
P938,Level 4 Complete
P938,Level 5 Complete
P939,Level 1 Complete
P939,Level 2 Complete
P939,Level 3 Complete
P939,Level 4 Complete
P939,Level 5 Complete
P940,Level 1 Complete
P940,Level 2 Complete
P940,Level 3 Complete
P940,Dropped at Level 4
P941,Level 1 Complete
P941,Level 2 Complete
P941,Level 3 Complete
P941,Level 4 Complete
P941,Level 5 Complete
P942,Dropped at Level 1
P943,Level 1 Complete
P943,Dropped at Level 2
P944,Level 1 Complete
P944,Level 2 Complete
P944,Level 3 Complete
P944,Level 4 Complete
P944,Level 5 Complete
P945,Level 1 Complete
P945,Dropped at Level 2
P946,Level 1 Complete
P946,Level 2 Complete
P946,Dropped at Level 3
P947,Level 1 Complete
P947,Level 2 Complete
P947,Level 3 Complete
P947,Level 4 Complete
P947,Level 5 Complete
P948,Dropped at Level 1
P949,Level 1 Complete
P949,Level 2 Complete
P949,Level 3 Complete
P949,Level 4 Complete
P949,Level 5 Complete
P950,Level 1 Complete
P950,Level 2 Complete
P950,Level 3 Complete
P950,Level 4 Complete
P950,Level 5 Complete
P951,Level 1 Complete
P951,Level 2 Complete
P951,Level 3 Complete
P951,Level 4 Complete
P951,Level 5 Complete
P952,Level 1 Complete
P952,Level 2 Complete
P952,Level 3 Complete
P952,Level 4 Complete
P952,Level 5 Complete
P953,Level 1 Complete
P953,Level 2 Complete
P953,Dropped at Level 3
P954,Level 1 Complete
P954,Dropped at Level 2
P955,Level 1 Complete
P955,Level 2 Complete
P955,Dropped at Level 3
P956,Level 1 Complete
P956,Level 2 Complete
P956,Dropped at Level 3
P957,Level 1 Complete
P957,Level 2 Complete
P957,Level 3 Complete
P957,Level 4 Complete
P957,Level 5 Complete
P958,Dropped at Level 1
P959,Level 1 Complete
P959,Level 2 Complete
P959,Dropped at Level 3
P960,Dropped at Level 1
P961,Level 1 Complete
P961,Level 2 Complete
P961,Level 3 Complete
P961,Level 4 Complete
P961,Level 5 Complete
P962,Level 1 Complete
P962,Level 2 Complete
P962,Level 3 Complete
P962,Dropped at Level 4
P963,Level 1 Complete
P963,Dropped at Level 2
P964,Level 1 Complete
P964,Dropped at Level 2
P965,Dropped at Level 1
P966,Level 1 Complete
P966,Level 2 Complete
P966,Level 3 Complete
P966,Level 4 Complete
P966,Dropped at Level 5
P967,Level 1 Complete
P967,Level 2 Complete
P967,Level 3 Complete
P967,Level 4 Complete
P967,Level 5 Complete
P968,Level 1 Complete
P968,Dropped at Level 2
P969,Level 1 Complete
P969,Level 2 Complete
P969,Level 3 Complete
P969,Level 4 Complete
P969,Dropped at Level 5
P970,Level 1 Complete
P970,Level 2 Complete
P970,Level 3 Complete
P970,Level 4 Complete
P970,Level 5 Complete
P971,Dropped at Level 1
P972,Level 1 Complete
P972,Level 2 Complete
P972,Level 3 Complete
P972,Level 4 Complete
P972,Level 5 Complete
P973,Dropped at Level 1
P974,Level 1 Complete
P974,Dropped at Level 2
P975,Level 1 Complete
P975,Dropped at Level 2
P976,Dropped at Level 1
P977,Level 1 Complete
P977,Level 2 Complete
P977,Level 3 Complete
P977,Level 4 Complete
P977,Level 5 Complete
P978,Level 1 Complete
P978,Level 2 Complete
P978,Level 3 Complete
P978,Level 4 Complete
P978,Dropped at Level 5
P979,Level 1 Complete
P979,Dropped at Level 2
P980,Level 1 Complete
P980,Level 2 Complete
P980,Dropped at Level 3
P981,Level 1 Complete
P981,Level 2 Complete
P981,Dropped at Level 3
P982,Dropped at Level 1
P983,Level 1 Complete
P983,Level 2 Complete
P983,Level 3 Complete
P983,Level 4 Complete
P983,Level 5 Complete
P984,Level 1 Complete
P984,Level 2 Complete
P984,Level 3 Complete
P984,Level 4 Complete
P984,Level 5 Complete
P985,Dropped at Level 1
P986,Level 1 Complete
P986,Level 2 Complete
P986,Level 3 Complete
P986,Level 4 Complete
P986,Level 5 Complete
P987,Level 1 Complete
P987,Level 2 Complete
P987,Dropped at Level 3
P988,Level 1 Complete
P988,Dropped at Level 2
P989,Dropped at Level 1
P990,Level 1 Complete
P990,Dropped at Level 2
P991,Level 1 Complete
P991,Level 2 Complete
P991,Level 3 Complete
P991,Level 4 Complete
P991,Level 5 Complete
P992,Level 1 Complete
P992,Level 2 Complete
P992,Level 3 Complete
P992,Level 4 Complete
P992,Level 5 Complete
P993,Level 1 Complete
P993,Level 2 Complete
P993,Level 3 Complete
P993,Level 4 Complete
P993,Level 5 Complete
P994,Dropped at Level 1
P995,Level 1 Complete
P995,Level 2 Complete
P995,Dropped at Level 3
P996,Dropped at Level 1
P997,Level 1 Complete
P997,Level 2 Complete
P997,Level 3 Complete
P997,Level 4 Complete
P997,Level 5 Complete
P998,Level 1 Complete
P998,Level 2 Complete
P998,Level 3 Complete
P998,Level 4 Complete
P998,Level 5 Complete
P999,Level 1 Complete
P999,Level 2 Complete
P999,Dropped at Level 3
